A String Cheese Incident	image	/media/catalog/category/artist_StringCheeseIncident_album_AStringCheeseIncident.jpg
Amen Corner	image	amencorner.jpg
Artifact	image	artifact.jpg
Believe	image	/media/catalog/category/artist_StringCheeseIncident_album_Believe.jpg
Bird in a House	image	birdinahouse.jpg
Born On The Wrong Planet	image	/media/catalog/category/artist_StringCheeseIncident_album_BornOnTheWrongPlanet.jpg
Captain Nowhere	image	captainnowhere.jpg
Carnival '99	image	/media/catalog/category/artist_StringCheeseIncident_album_Carnival'99.jpg
Elko	image	elko.jpg
Encephalous Crime	image	encephalouscrime.jpg
Grace Potter and the Nocturnals	image	/media/catalog/category/artist_GracePotterandtheNocturnals.jpg
In Between Now and Then	image	/media/catalog/category/artist_OfARevolution_album_InBetweenNowandThen.jpg
Interplanetary Escape Vehicle	image	/media/catalog/category/artist_SoundTribeSector9_album_InterplanetaryEscapeVehicle.jpg
Midnight	image	/media/catalog/category/artist_GracePotterandtheNocturnals_album_Midnight.jpg
Of a Revolution	image	/media/catalog/category/artist_OfARevolution.jpg
Offered Schematics Suggesting Peace	image	/media/catalog/category/artist_SoundTribeSector9_album_OfferedSchematicsSuggestingPeace.jpg
One Step Closer	image	/media/catalog/category/artist_StringCheeseIncident_album_OneStepCloser.jpg
Original Soul	image	/media/catalog/category/artist_GracePotterandtheNocturnals_album_OriginalSoul.jpg
Outside Inside	image	/media/catalog/category/artist_StringCheeseIncident_album_OutsideInside.jpg
Peaceblaster	image	peaceblaster.jpg
Railroad Earth	image	/media/catalog/category/artist_RailroadEarth.jpg
Railroad Earth Album	image	railroadearthalbum.jpg
Raise Up the Tent	image	/media/catalog/category/artist_TeaLeafGreen_album_RaiseUptheTent.jpg
Risen	image	/media/catalog/category/artist_OfARevolution_album_Risen.jpg
Round The Wheel	image	/media/catalog/category/artist_StringCheeseIncident_album_RoundTheWheel.jpg
Senor Boombox	image	senorboombox.jpg
Song In My Head	image	/media/catalog/category/artist_StringCheeseIncident_album_SongInMyHead.jpg
Soul's Aflame	image	/media/catalog/category/artist_OfARevolution_album_Soul'sAflame.jpg
STS9	image	/media/catalog/category/artist_SoundTribeSector9.jpg
Taught to Be Proud	image	/media/catalog/category/artist_TeaLeafGreen_album_TaughttoBeProud.jpg
Tea Leaf Green	image	/media/catalog/category/artist_TeaLeafGreen.jpg
Tea Leaf Green Album	image	/media/catalog/category/artist_TeaLeafGreen_album_TeaLeafGreenAlbum.jpg
The Black Bear Sessions	image	theblackbearsessions.jpg
The Disco Biscuits	image	/media/catalog/category/artist_DiscoBiscuits.jpg
The Good Life	image	thegoodlife.jpg
The String Cheese Incident	image	/media/catalog/category/artist_StringCheeseIncident.jpg
The Wanderer	image	/media/catalog/category/artist_OfARevolution_album_TheWanderer.jpg
The Wind at Four to Fly	image	thewindatfourtofly.jpg
They Missed the Perfume	image	theymissedtheperfume.jpg
Trick Or Treat	image	/media/catalog/category/artist_StringCheeseIncident_album_TrickOrTreat.jpg
Uncivilized Area	image	uncivilizedarea.jpg
Untying The Not	image	/media/catalog/category/artist_StringCheeseIncident_album_UntyingTheNot.jpg
